cricinfo_id,name,full_name,country,dob,batting_style,bowling_style
6278,Brett Lee,Brett Lee,Australia,1976-11-08,Right-hand bat,Right-arm fast
1289936,Banthida Leephatthana,Banthida Leephatthana,Thailand,2006-07-20,Right-hand bat,NA
311592,Mitchell Starc,Mitchell Aaron Starc,Australia,1990-01-30,Left-hand bat,Left-arm fast
288284,Josh Hazlewood,Josh Reginald Hazlewood,Australia,1991-01-08,Left-hand bat,Right-arm fast-medium
51439,Dwayne Bravo,Dwayne John Bravo,West Indies,1983-10-07,Right-hand bat,Right-arm medium
6441,Stuart MacGill,Stuart Charles Glyndwr MacGill,Australia,1971-02-25,Right-hand bat,Legbreak googly
267192,Steven Smith,Steven Peter Devereux Smith,Australia,1989-06-02,Right-hand bat,Legbreak googly
5593,Nathan Hauritz,Nathan Michael Hauritz,Australia,1981-10-18,Right-hand bat,Right-arm offbreak
333810,Alister McDermott,Alister Craig McDermott,Australia,1991-06-07,Right-hand bat,Right-arm fast-medium
4864,Dan Christian,Daniel Trevor Christian,Australia,1983-05-04,Right-hand bat,Right-arm fast-medium
5702,James Hopes,James Redfern Hopes,Australia,1978-10-24,Right-hand bat,Right-arm medium
333805,Nick Buchanan,Nicholas David Buchanan,Australia,1991-04-03,Right-hand bat,Right-arm fast-medium
326637,Chris Lynn,Christopher Austin Lynn,Australia,1990-04-10,Right-hand bat,Slow left-arm orthodox
51880,Chris Gayle,Christopher Henry Gayle,West Indies,1979-09-21,Left-hand bat,Right-arm offbreak
4508,Doug Bollinger,Douglas Erwin Bollinger,Australia,1981-07-24,Left-hand bat,Left-arm fast-medium
51782,Fidel Edwards,Fidel Henderson Edwards,West Indies,1982-02-06,Right-hand bat,Right-arm fast
4886,Scott Coyte,Scott James Coyte,Australia,1985-03-07,Left-hand bat,Right-arm fast-medium
374934,Sarah Coyte,Sarah Jane Coyte,Australia,1991-03-30,Right-hand bat,Right-arm medium
333785,Luke Doran,Luke Andrew Doran,Australia,1991-08-14,Right-hand bat,Slow left-arm orthodox
398666,Sean Abbott,Sean Anthony Abbott,Australia,1992-02-29,Right-hand bat,Right-arm fast-medium
270484,James Faulkner,James Peter Faulkner,Australia,1990-04-29,Right-hand bat,Left-arm fast-medium
12461,Jade Dernbach,Jade Winston Dernbach,England,1986-03-03,Right-hand bat,Right-arm fast-medium
6903,Clint McKay,Clinton James McKay,Australia,1983-02-20,Right-hand bat,Right-arm fast-medium
23460,Luke Wright,Luke James Wright,England,1985-03-07,Right-hand bat,Right-arm medium
5766,David Hussey,David John Hussey,Australia,1977-07-15,Right-hand bat,Right-arm offbreak
8166,Shane Warne,Shane Keith Warne,Australia,1969-09-13,Right-hand bat,Legbreak googly
8076,Shaun Tait,Shaun William Tait,Australia,1983-02-22,Right-hand bat,Right-arm fast
307495,Michael Beer,Michael Anthony Beer,Australia,1984-06-09,Right-hand bat,Slow left-arm orthodox
6981,Dirk Nannes,Dirk Peter Nannes,Australia,1976-05-16,Right-hand bat,Left-arm fast
7443,Nathan Rimmington,Nathan John Rimmington,Australia,1982-11-11,Right-hand bat,Right-arm fast-medium
325026,Glenn Maxwell,Glenn James Maxwell,Australia,1988-10-14,Right-hand bat,Right-arm offbreak
39836,Abdul Razzaq,Abdul Razzaq,Pakistan,1979-12-02,Right-hand bat,Right-arm fast-medium
272450,Mitchell Marsh,Mitchell Ross Marsh,Australia,1991-10-20,Right-hand bat,Right-arm medium
5197,Ben Edmondson,Ben Matthew Edmondson,Australia,1978-09-28,Left-hand bat,Right-arm fast-medium
326023,Mushahid Afridi,Mushahid Afridi,Pakistan,1972-01-01,Right-hand bat,Right-arm fast-medium
42639,Shahid Afridi,Sahibzada Mohammad Shahid Khan Afridi,Pakistan,1980-03-01,Right-hand bat,Legbreak googly
1380679,Shahid Afridi,Shahid Afridi,Germany,2000-01-05,Right-hand bat,Right-arm medium
5966,Aaron Heal,Aaron Keith Heal,Australia,1983-03-13,Left-hand bat,Slow left-arm orthodox
5681,Brad Hogg,George Bradley Hogg,Australia,1971-02-06,Left-hand bat,Left-arm wrist-spin
6553,Andrew McDonald,Andrew Barry McDonald,Australia,1981-06-05,Right-hand bat,Right-arm fast-medium
10772,Paul Collingwood,Paul David Collingwood,England,1976-05-26,Right-hand bat,Right-arm medium
47569,Alfonso Thomas,Alfonso Clive Thomas,South Africa,1977-02-09,Right-hand bat,Right-arm fast-medium
6235,Jason Krejza,Jason John Krejza,Australia,1983-01-14,Right-hand bat,Right-arm offbreak
7025,Aaron O'Brien,Aaron Warren O'Brien,Australia,1981-10-02,Left-hand bat,Slow left-arm orthodox
5941,Ben Hilfenhaus,Benjamin William Hilfenhaus,Australia,1983-03-15,Right-hand bat,Right-arm fast-medium
1495702,Corne Botha,Cornelius Johannes Botha,South Africa,2007-02-01,Right-hand bat,Right-arm medium
44149,Johan Botha,Johan Botha,South Africa,1982-05-02,Right-hand bat,Right-arm offbreak
1344016,Jemma Botha,Jemma Botha,South Africa,2007-05-29,Right-hand bat,Right-arm offbreak
1484009,Jenna-May Botha,Jenna-May Botha,England,NA,NA,NA
272262,Kane Richardson,Kane William Richardson,Australia,1991-02-12,Right-hand bat,Right-arm fast-medium
6419,Rhett Lockyear,Rhett John Gaven Lockyear,Australia,1983-02-28,Right-hand bat,Right-arm medium
5017,Xavier Doherty,Xavier John Doherty,Australia,1982-11-22,Left-hand bat,Slow left-arm orthodox
272279,Nathan Lyon,Nathan Michael Lyon,Australia,1987-11-20,Right-hand bat,Right-arm offbreak
315623,Ben Laughlin,Ben Laughlin,Australia,1982-10-03,Right-hand bat,Right-arm fast-medium
42272,Naved-ul-Hasan,Rana Naved-ul-Hasan,Pakistan,1978-02-28,Right-hand bat,Right-arm medium-fast
5779,Ryan Harris,Ryan James Harris,Australia,1979-10-11,Right-hand bat,Right-arm fast
376169,Michael Neser,Michael Gertges Neser,Australia,1990-03-29,Right-hand bat,Right-arm medium-fast
8002,Dominic Thornely,Dominic John Thornely,Australia,1978-10-01,Right-hand bat,Right-arm medium
5961,Moises Henriques,Moises Constantino Henriques,Australia,1987-02-01,Right-hand bat,Right-arm fast-medium
6943,Marcus North,Marcus James North,Australia,1979-07-28,Left-hand bat,Right-arm offbreak
5605,Shane Harwood,Shane Michael Harwood,Australia,1974-03-01,Right-hand bat,Right-arm fast-medium
6844,Bryce McGain,Bryce Edward McGain,Australia,1972-03-25,Right-hand bat,Legbreak googly
4427,Cameron Borgas,Cameron James Borgas,Australia,1983-09-01,Right-hand bat,Right-arm offbreak
7743,Chris Simpson,Christopher Patrick Simpson,Australia,1982-01-09,Right-hand bat,Right-arm offbreak
6105,Matt Johnston,Matthew James Johnston,Australia,1985-10-15,Left-hand bat,Right-arm medium
47850,Roelof van der Merwe,Roelof Erasmus van der Merwe,Netherlands,1984-12-31,Right-hand bat,Slow left-arm orthodox
261354,Nathan Coulter-Nile,Nathan Mitchell Coulter-Nile,Australia,1987-10-11,Right-hand bat,Right-arm fast
4487,Luke Butterworth,Luke Rex Butterworth,Australia,1983-10-28,Left-hand bat,Right-arm medium
215152,Jackson Bird,Jackson Munro Bird,Australia,1986-12-11,Right-hand bat,Right-arm fast-medium
4927,Brendan Drew,Brendan Gerard Drew,Australia,1983-12-16,Right-hand bat,Right-arm fast-medium
272467,Daniel Salpietro,Daniel Robin Salpietro,Australia,1987-12-05,Right-hand bat,Right-arm offbreak
5583,Daniel Harris,Daniel Joseph Harris,Australia,1979-12-31,Right-hand bat,Right-arm medium
5749,Doug Harris,Douglas James Harris,Australia,1962-12-20,Right-hand bat,NA
533043,James Muirhead,James Matthew Muirhead,Australia,1993-07-30,Right-hand bat,Legbreak
275658,Michael Hogan,Michael Garry Hogan,Australia,1981-05-31,Right-hand bat,Right-arm fast-medium
7069,Steve O'Keefe,Stephen Norman John O'Keefe,Australia,1984-12-09,Right-hand bat,Slow left-arm orthodox
37749,Nathan McCullum,Nathan Leslie McCullum,New Zealand,1980-09-01,Right-hand bat,Right-arm offbreak
38710,Daniel Vettori,Daniel Luca Vettori,New Zealand,1979-01-27,Left-hand bat,Slow left-arm orthodox
499661,Nicholas Bills,Nicholas David Bills,Australia,1992-02-16,Right-hand bat,Right-arm medium
270460,Matthew Day,Matthew Raymond Day,Australia,1987-09-22,Right-hand bat,Right-arm fast-medium
7698,Chris Swan,Christopher Richard Swan,Australia,1978-08-10,Right-hand bat,Right-arm fast-medium
272385,Josh Lalor,Joshua Kendall Lalor,Australia,1987-11-02,Right-hand bat,Left-arm fast-medium
307494,Jayde Herrick,Jayde Matthew Herrick,Australia,1985-01-16,Right-hand bat,Right-arm fast-medium
434804,Brenton McDonald,Brenton G McDonald,Australia,1984-04-30,Left-hand bat,Legbreak googly
37004,James Franklin,James Edward Charles Franklin,New Zealand,1980-11-07,Left-hand bat,Left-arm medium
232289,Ian Moran,Ian Anthony Moran,Australia,1979-08-16,Right-hand bat,Right-arm fast-medium
270253,Darren Pattinson,Darren John Pattinson,England,1979-08-02,Right-hand bat,Right-arm fast-medium
5334,Aaron Finch,Aaron James Finch,Australia,1986-11-17,Right-hand bat,Slow left-arm orthodox
230194,William Sheridan,William David Sheridan,Australia,1987-07-05,Right-hand bat,Left-arm fast-medium
1380123,Muralitharan Gnanasekaram,Muralitharan Kandiah Gnanasekaram,Switzerland,1985-12-03,Right-hand bat,Right-arm medium
49758,Lasith Malinga,Separamadu Lasith Malinga,Sri Lanka,1983-08-28,Right-hand bat,Right-arm fast
366580,Luke Feldman,Luke William Feldman,Australia,1984-08-01,Right-hand bat,Right-arm fast-medium
49700,Jeevan Mendis,Balapuwaduge Manukulasuriya Amith Jeevan Mendis,Sri Lanka,1983-01-15,Left-hand bat,Legbreak
553800,Chris Tremain,Christopher Peter Tremain,Australia,1991-08-10,Right-hand bat,Right-arm medium-fast
499660,Gurinder Sandhu,Gurinder Singh Sandhu,Australia,1993-06-14,Left-hand bat,Right-arm fast-medium
355683,Gurjit Sandhu,Gurjit Singh Sandhu,England,1992-03-24,Right-hand bat,Left-arm medium-fast
381183,Evan Gulbis,Evan Peter Gulbis,Australia,1986-03-26,Right-hand bat,Right-arm medium
42699,Saeed Ajmal,Saeed Ajmal,Pakistan,1977-10-14,Right-hand bat,Right-arm offbreak
7262,Gary Putland,Gary David Putland,Australia,1986-02-10,Right-hand bat,Left-arm fast-medium
38407,Scott Styris,Scott Bernard Styris,New Zealand,1975-07-10,Right-hand bat,Right-arm medium
5104,Theo Doropoulos,Theo Paul Doropoulos,Australia,1985-04-25,Right-hand bat,Right-arm fast-medium
8180,Shane Watson,Shane Robert Watson,Australia,1981-06-17,Right-hand bat,Right-arm fast-medium
326635,Cameron Gannon,Cameron John Gannon,United States of America,1989-01-23,Right-hand bat,Right-arm fast-medium
439288,Joe Mennie,Joe Matthew Mennie,Australia,1988-12-24,Right-hand bat,Right-arm fast-medium
230371,Ben Cutting,Benjamin Colin James Cutting,Australia,1987-01-30,Right-hand bat,Right-arm fast-medium
233514,Thisara Perera,Narangoda Liyanaarachchilage Thisara Chirantha Perera,Sri Lanka,1989-04-03,Left-hand bat,Right-arm medium-fast
326625,Cameron Boyce,Cameron John Boyce,Australia,1989-07-27,Right-hand bat,Legbreak
230559,NA,NA,NA,NA,NA,NA
52983,Marlon Samuels,Marlon Nathaniel Samuels,West Indies,1981-02-05,Right-hand bat,Right-arm offbreak
39024,Azhar Mahmood,Azhar Mahmood Sagar,Pakistan,1975-02-28,Right-hand bat,Right-arm fast-medium
8291,Cameron White,Cameron Leon White,Australia,1983-08-18,Right-hand bat,Legbreak googly
557295,Hilton Cartwright,Hilton William Raymond Cartwright,Australia,1992-02-14,Right-hand bat,Right-arm medium
230558,Sunil Narine,Sunil Philip Narine,West Indies,1988-05-26,Left-hand bat,Right-arm offbreak
230553,Kemar Roach,Kemar Andre Jamal Roach,West Indies,1988-06-30,Right-hand bat,Right-arm fast-medium
379504,Adam Zampa,Adam Zampa,Australia,1992-03-31,Right-hand bat,Legbreak googly
8453,Brad Young,Bradley Evan Young,Australia,1973-02-23,Right-hand bat,Slow left-arm orthodox
288285,Clive Rose,Clive Andrew Rose,Australia,1989-10-13,Right-hand bat,Slow left-arm orthodox
228622,John Hastings,John Wayne Hastings,Australia,1985-11-04,Right-hand bat,Right-arm fast-medium
272477,Jason Behrendorff,Jason Paul Behrendorff,Australia,1990-04-20,Right-hand bat,Left-arm fast-medium
273439,Sachithra Senanayake,Senanayake Mudiyanselage Sachithra Madhushanka Senanayake,Sri Lanka,1985-02-09,Right-hand bat,Right-arm offbreak
233513,Simon Keen,Simon John Cobrin Keen,Australia,1987-10-04,Left-hand bat,Right-arm medium
16932,Dimitri Mascarenhas,Adrian Dimitri Mascarenhas,England,1977-10-30,Right-hand bat,Right-arm fast-medium
422015,Alex Keath,Alexander Robin Keath,Australia,1992-01-20,Right-hand bat,Right-arm medium
10582,Ravi Bopara,Ravinder Singh Bopara,England,1985-05-04,Right-hand bat,Right-arm medium
4818,Mark Cosgrove,Mark James Cosgrove,Australia,1984-06-14,Left-hand bat,Right-arm medium
7908,Carl Sandri,Carl Stephen Sandri,Australia,1983-07-11,Right-hand bat,Right-arm offbreak
247235,Chris Woakes,Christopher Roger Woakes,England,1989-03-02,Right-hand bat,Right-arm fast-medium
500182,Blake Dean,Blake S Dean,Australia,1987-09-15,Right-hand bat,Legbreak
270493,Andrew Fekete,Andrew Loton Fekete,Australia,1985-05-18,Right-hand bat,Right-arm fast-medium
219885,Tom Cooper,Tom Lexley William Cooper,Netherlands,1986-11-26,Right-hand bat,Right-arm offbreak
43654,Yasir Arafat,Yasir Arafat Satti,Pakistan,1982-03-12,Right-hand bat,Right-arm fast-medium
43690,Yasir Arafat,Yasir Arafat,Pakistan,1984-12-28,Left-hand bat,Legbreak
7529,Nathan Reardon,Nathan Jon Reardon,Australia,1984-11-08,Left-hand bat,Right-arm medium
42657,Shoaib Malik,Shoaib Malik,Pakistan,1982-02-01,Right-hand bat,Right-arm offbreak
233680,Jonathan Wells,Jonathan Wayne Wells,Australia,1988-08-13,Right-hand bat,Right-arm medium
272465,James Pattinson,James Lee Pattinson,Australia,1990-05-03,Left-hand bat,Right-arm fast-medium
5550,Matthew Gale,Matthew Geoffrey Gale,Australia,1983-11-28,Right-hand bat,Right-arm fast-medium
48472,Tillakaratne Dilshan,Tillakaratne Mudiyanselage Dilshan,Sri Lanka,1976-10-14,Right-hand bat,Right-arm offbreak
555853,Mark Steketee,Mark Thomas Steketee,Australia,1994-01-17,Right-hand bat,Right-arm fast-medium
500268,Ashton Turner,Ashton James Turner,Australia,1993-01-25,Right-hand bat,Right-arm offbreak
326462,Jason Floros,Jason Scott Floros,Australia,1990-11-24,Left-hand bat,Right-arm offbreak
56143,Shakib Al Hasan,Shakib Al Hasan,Bangladesh,1987-03-24,Left-hand bat,Slow left-arm orthodox
268739,Ajantha Mendis,Balapuwaduge Ajantha Winslow Mendis,Sri Lanka,1985-03-11,Right-hand bat,Right-arm offbreak
21650,Chris Tremlett,Christopher Timothy Tremlett,England,1981-09-02,Right-hand bat,Right-arm medium-fast
8119,Adam Voges,Adam Charles Voges,Australia,1979-10-04,Right-hand bat,Slow left-arm orthodox
459508,Andrew Tye,Andrew James Tye,Australia,1986-12-12,Right-hand bat,Right-arm medium-fast
376179,Chris Sabburg,Christopher John Martin Sabburg,Australia,1990-01-02,Left-hand bat,Right-arm offbreak
240609,Fawad Ahmed,Fawad Ahmed,Australia,1982-02-05,Right-hand bat,Legbreak googly
230368,Jon Holland,Jonathan Mark Holland,Australia,1987-05-29,Right-hand bat,Slow left-arm orthodox
530011,Travis Head,Travis Michael Head,Australia,1993-12-29,Left-hand bat,Right-arm offbreak
489889,Pat Cummins,Patrick James Cummins,Australia,1993-05-08,Right-hand bat,Right-arm fast
446548,Scott Boland,Scott Michael Boland,Australia,1989-04-11,Right-hand bat,Right-arm fast-medium
325012,Marcus Stoinis,Marcus Peter Stoinis,Australia,1989-08-16,Right-hand bat,Right-arm medium
7898,Peter Siddle,Peter Matthew Siddle,Australia,1984-11-25,Right-hand bat,Right-arm fast-medium
557298,Daniel Worrall,Daniel James Worrall,Australia,1991-07-10,Right-hand bat,Right-arm fast-medium
41434,Mohammad Hafeez,Mohammad Hafeez,Pakistan,1980-10-17,Right-hand bat,Right-arm offbreak
316307,Mohammad Hafeez,Mohammad Hafeez,Pakistan,1974-09-08,Left-hand bat,Slow left-arm orthodox
281974,Trent Copeland,Trent Aaron Copeland,Australia,1986-03-14,Right-hand bat,Right-arm fast-medium
7887,Craig Simmons,Craig Joseph Simmons,Australia,1982-12-01,Left-hand bat,Left-arm medium
679567,Ben Dwarshuis,Benjamin James Dwarshuis,Australia,1994-06-23,Left-hand bat,Left-arm fast-medium
276298,Andre Russell,Andre Dwayne Russell,West Indies,1988-04-29,Right-hand bat,Right-arm fast
53115,Daren Sammy,Daren Julius Garvey Sammy,West Indies,1983-12-20,Right-hand bat,Right-arm medium
434812,Ryan Duffield,Ryan Matthew Duffield,Australia,1988-06-20,Left-hand bat,Left-arm fast-medium
12856,Andrew Flintoff,Andrew Flintoff,England,1977-12-06,Right-hand bat,Right-arm fast-medium
45789,Jacques Kallis,Jacques Henry Kallis,South Africa,1975-10-16,Right-hand bat,Right-arm fast-medium
685869,Trent Lawford,Trent Lee Lawford,Australia,1988-04-18,Right-hand bat,Right-arm fast-medium
505120,Ashton Agar,Ashton Charles Agar,Australia,1993-10-14,Left-hand bat,Slow left-arm orthodox
501498,Nick Winter,Nicholas Philip Winter,Australia,1993-06-19,Left-hand bat,Left-arm medium
605575,Matthew Short,Matthew William Short,Australia,1995-11-08,Right-hand bat,Right-arm offbreak
422016,Matt Dixon,Matthew William Dixon,Australia,1992-06-12,Right-hand bat,Right-arm fast
333782,NA,NA,NA,NA,NA,NA
602570,Jake Reed,Jake Kenneth Reed,Australia,1990-09-28,Left-hand bat,Right-arm fast-medium
9310,Tim Bresnan,Timothy Thomas Bresnan,England,1985-02-28,Right-hand bat,Right-arm medium-fast
311158,Ben Stokes,Benjamin Andrew Stokes,England,1991-06-04,Left-hand bat,Right-arm fast-medium
215058,Stephen Parry,Stephen David Parry,England,1986-01-12,Right-hand bat,Slow left-arm orthodox
19296,Kevin Pietersen,Kevin Peter Pietersen,England,1980-06-27,Right-hand bat,Right-arm offbreak
4504,Ahillen Beadle,Ahillen Rajakumaran Beadle,Australia,1986-08-29,Left-hand bat,Slow left-arm orthodox
787073,Chris Green,Christopher James Green,Australia,1993-10-01,Right-hand bat,Right-arm offbreak
244497,Adil Rashid,Adil Usman Rashid,England,1988-02-17,Right-hand bat,Legbreak
605577,Guy Walker,Guy Lyndsay Walker,Australia,1995-09-12,Right-hand bat,Right-arm medium
51433,Samuel Badree,Samuel Badree,West Indies,1981-03-09,Right-hand bat,Legbreak
333872,Sam Rainbird,Samuel Leigh Rainbird,Australia,1992-06-05,Right-hand bat,Left-arm medium-fast
388678,Ben Dunk,Ben Robert Dunk,Australia,1987-03-11,Left-hand bat,Right-arm offbreak
501012,Joel Paris,Joel Samuel Paris,Australia,1992-12-11,Left-hand bat,Left-arm fast-medium
308251,David Willey,David Jonathan Willey,England,1990-02-28,Left-hand bat,Left-arm fast-medium
953793,NA,NA,NA,NA,NA,NA
533042,Billy Stanlake,Billy James Stanlake,Australia,1994-11-04,Left-hand bat,Right-arm fast
326679,Hamish Kingston,Hamish Phillip Kingston,Australia,1990-12-17,Right-hand bat,Right-arm medium
38607,William Somerville,William Edgar Richard Somerville,New Zealand,1984-08-09,Right-hand bat,Right-arm offbreak
590326,Mitchell Swepson,Mitchell Joseph Swepson,Australia,1993-10-04,Right-hand bat,Legbreak
588906,Greg West,Gregory Aaron West,Australia,1994-07-25,Right-hand bat,Left-arm fast-medium
326639,Simon Milenko,Simon Alexander Milenko,Australia,1988-11-24,Right-hand bat,Right-arm medium
785323,Nathan McAndrew,Nathan John McAndrew,Australia,1993-07-14,Right-hand bat,Right-arm medium-fast
437448,Jake Lehmann,Jake Scott Lehmann,Australia,1992-07-08,Left-hand bat,Slow left-arm orthodox
288992,Chris Jordan,Christopher James Jordan,England,1988-10-04,Right-hand bat,Right-arm fast-medium
334388,Liam O'Connor,Liam Nicholas O'Connor,Australia,1993-06-20,Right-hand bat,Legbreak
440162,NA,NA,NA,NA,NA,NA
24711,Lameck Onyango,Lameck Onyango Ngoche,Kenya,1973-09-22,Right-hand bat,Right-arm medium
570854,NA,NA,NA,NA,NA,NA
901157,Arjun Nair,Arjun Jayanand Nair,Australia,1998-04-12,Right-hand bat,Right-arm offbreak
10617,Stuart Broad,Stuart Christopher John Broad,England,1986-06-24,Left-hand bat,Right-arm fast-medium
774223,Jhye Richardson,Jhye Avon Richardson,Australia,1996-09-20,Right-hand bat,Right-arm fast
6033,Mitchell Johnson,Mitchell Guy Johnson,Australia,1981-11-02,Left-hand bat,Left-arm fast
308798,D'Arcy Short,D'Arcy John Matthew Short,Australia,1990-08-09,Left-hand bat,Left-arm wrist-spin
605566,Tom Andrews,Thomas David Andrews,Australia,1994-10-07,Left-hand bat,Slow left-arm orthodox
381329,Beau Webster,Beau Jacob Webster,Australia,1993-12-01,Right-hand bat,Right-arm medium
324059,FD Thornton,FD Thornton,England,NA,NA,NA
47556,George Thornton,George Thornton,South Africa,1867-12-24,Left-hand bat,Slow left-arm orthodox
837611,Henry Thornton,Henry Thomas Raphael James York Thornton,Australia,1996-12-16,Right-hand bat,Right-arm fast
457249,Carlos Brathwaite,Carlos Ricardo Brathwaite,West Indies,1988-07-18,Right-hand bat,Right-arm fast-medium
333780,Nic Maddinson,Nicolas James Maddinson,Australia,1991-12-21,Left-hand bat,Slow left-arm orthodox
1076852,Liam Bowe,Liam Bowe,Australia,1997-09-23,Left-hand bat,Left-arm wrist-spin
9181,Bill Bowes,William Eric Bowes,England,1908-07-25,Right-hand bat,Right-arm fast-medium
959833,Wes Agar,Wesley Austin Agar,Australia,1997-02-05,Right-hand bat,Right-arm fast
541777,Kelvin Smith,Kelvin R Smith,Australia,1994-09-05,Left-hand bat,Right-arm offbreak
559066,Ish Sodhi,Inderbir Singh Sodhi,New Zealand,1992-10-31,Right-hand bat,Legbreak
459257,Tymal Mills,Tymal Solomon Mills,England,1992-08-12,Right-hand bat,Left-arm fast
787987,Marnus Labuschagne,Marnus Labuschagne,Australia,1994-06-22,Right-hand bat,Right-arm medium-fast
5674,Brad Hodge,Bradley John Hodge,Australia,1974-12-29,Right-hand bat,Right-arm offbreak
326632,Joe Burns,Joseph Anthony Burns,Italy,1989-09-06,Right-hand bat,Right-arm medium
319439,Mitchell McClenaghan,Mitchell John McClenaghan,New Zealand,1986-06-11,Left-hand bat,Left-arm fast-medium
826901,Daniel Sams,Daniel Richard Sams,Australia,1992-10-27,Right-hand bat,Left-arm fast-medium
931603,Brendan Doggett,Brendan James Doggett,Australia,1994-05-03,Right-hand bat,Right-arm fast-medium
922943,Shadab Khan,Shadab Khan,Pakistan,1998-10-04,Right-hand bat,Legbreak
34538,Shadab Khan,Shadab Khan,India,1985-04-14,Right-hand bat,Right-arm medium
25913,Mohammad Nabi,Mohammad Nabi,Afghanistan,1985-01-01,Right-hand bat,Right-arm offbreak
669855,Jofra Archer,Jofra Chioke Archer,England,1995-04-01,Right-hand bat,Right-arm fast
1124289,Aaron Summers,Aaron William Summers,Australia,1996-05-24,Right-hand bat,Right-arm fast
45705,Colin Ingram,Colin Alexander Ingram,South Africa,1985-07-03,Left-hand bat,Legbreak
42421,Rashid Khan,Rashid Khan,Pakistan,1959-12-15,Right-hand bat,Right-arm fast-medium
793463,Rashid Khan,Rashid Khan Arman,Afghanistan,1998-09-20,Right-hand bat,Legbreak googly
1161020,Rashid Khan,Rashid Khan,Nepal,2001-02-21,Right-hand bat,Right-arm medium-fast
270117,Rashid Khan,Mohammad Rashid Ali Khan,Pakistan,NA,NA,NA
323954,Rashid Khan,Mohammad Rashid Ali Khan,Pakistan,NA,NA,NA
42458,Rashid Khan,Rashid Khan,Pakistan,1978-08-16,Right-hand bat,Legbreak
627627,Tom Rogers,Thomas Stewart Rogers,Australia,1994-03-03,Left-hand bat,Right-arm medium-fast
43685,Yasir Shah,Yasir Shah,Pakistan,1986-05-02,Right-hand bat,Legbreak googly
641419,Mickey Edwards,Michael William Edwards,Australia,1994-12-23,Right-hand bat,Right-arm fast-medium
393055,Jackson Coleman,Jackson Ray Coleman,Australia,1991-12-18,Right-hand bat,Left-arm fast-medium
530015,William Bosisto,William Giles Bosisto,Australia,1993-09-08,Right-hand bat,Right-arm offbreak
638912,Matthew Kelly,Matthew Kelly,Australia,1994-12-07,Right-hand bat,Right-arm fast-medium
652939,Marie Kelly,Marie Kelly,England,1996-02-09,Right-hand bat,Right-arm medium
1081516,Daniel Fallins,Daniel Fallins,Australia,1996-08-12,Right-hand bat,Legbreak
12454,Joe Denly,Joseph Liam Denly,England,1986-03-16,Right-hand bat,Legbreak
961713,Riley Meredith,Riley Patrick Meredith,Australia,1996-06-21,Right-hand bat,Right-arm fast
974109,Mujeeb Ur Rahman,Mujeeb Ur Rahman,Afghanistan,2001-03-28,Right-hand bat,Right-arm offbreak
697279,Usman Shinwari,Usman Khan Shinwari,Pakistan,1994-01-05,Right-hand bat,Left-arm medium-fast
348152,NA,NA,NA,NA,NA,NA
960361,Sandeep Lamichhane,Sandeep Lamichhane,Nepal,2000-08-02,Right-hand bat,Legbreak googly
550235,Tom Curran,Thomas Kevin Curran,England,1995-03-12,Right-hand bat,Right-arm fast-medium
1076721,Lloyd Pope,Lloyd Aylmer James Pope,Australia,1999-12-01,Right-hand bat,Legbreak googly
605576,Cameron Valente,Cameron Valente,Australia,1994-09-06,Right-hand bat,Right-arm medium
1137279,Jonathan Cook,Jonathan D Cook,Australia,1989-12-14,Right-hand bat,Legbreak
1102241,Jordan Cook,Jordan David Cook,England,2000-01-07,Right-hand bat,Right-arm offbreak
959827,Jason Sangha,Jason Jaskirat Singh Sangha,Australia,1999-09-08,Right-hand bat,Legbreak
1065115,Ben Manenti,Benjamin Andrew Davey Manenti,Italy,1997-03-23,Right-hand bat,Right-arm offbreak
19264,Liam Plunkett,Liam Edward Plunkett,England,1985-04-06,Right-hand bat,Right-arm fast
303669,Joe Root,Joseph Edward Root,England,1990-12-30,Right-hand bat,Right-arm offbreak
1124283,Aaron Hardie,Aaron Mark Hardie,Australia,1999-01-07,Right-hand bat,Right-arm medium-fast
244639,Harry Gurney,Harry Frederick Gurney,England,1986-10-25,Right-hand bat,Left-arm fast-medium
5466,Braddon Green,Braddon Clive Green,Australia,1958-01-18,Right-hand bat,Right-arm medium
1076713,Cameron Green,Cameron Donald Green,Australia,1999-06-03,Right-hand bat,Right-arm fast-medium
749693,Derval Green,Derval Charles Green,West Indies,1988-12-04,Right-hand bat,Right-arm medium-fast
878199,Conrad Greenshields,Conrad Greenshields,Portugal,1984-06-09,Right-hand bat,Right-arm medium
36948,Anton Devcich,Anton Paul Devcich,New Zealand,1985-09-28,Left-hand bat,Slow left-arm orthodox
722303,Matt Renshaw,Matthew Thomas Renshaw,Australia,1996-03-28,Left-hand bat,Right-arm offbreak
1159591,Tom O'Connell,Thomas Lachlan O’Connell,Australia,2000-06-14,Left-hand bat,Legbreak
977451,Jack Prestwidge,Jack Arthur Prestwidge,Australia,1996-02-28,Right-hand bat,Right-arm medium-fast
779937,David Moody,David John Masson Moody,Australia,1995-04-28,Right-hand bat,Right-arm fast-medium
1124288,Jarrod Freeman,Jarrod A Freeman,Australia,2000-07-15,Right-hand bat,Right-arm offbreak
774219,Matthew Kuhnemann,Matthew Paul Kuhnemann,Australia,1996-09-20,Left-hand bat,Slow left-arm orthodox
774217,Clint Hinchliffe,Clinton Desmond Hinchliffe,Australia,1996-10-23,Left-hand bat,Left-arm wrist-spin
914171,Qais Ahmad,Qais Ahmad Kamawal,Afghanistan,2000-08-15,Right-hand bat,Legbreak
712219,Zahir Khan,Zahir Khan  Pakteen,Afghanistan,1998-12-20,Left-hand bat,Left-arm wrist-spin
1163855,Hayden Kerr,Hayden Lewis Kerr,Australia,1996-07-10,Right-hand bat,Left-arm fast-medium
473191,Richard Gleeson,Richard James Gleeson,England,1987-12-02,Right-hand bat,Right-arm fast-medium
1161606,Haris Rauf,Haris Rauf,Pakistan,1993-11-07,Right-hand bat,Right-arm fast
826915,Nathan Ellis,Nathan Ellis,Australia,1994-09-22,Right-hand bat,Right-arm fast-medium
439952,Chris Morris,Christopher Henry Morris,South Africa,1987-04-30,Right-hand bat,Right-arm fast-medium
555855,Harry Conway,Harry Nicholas Alexander Conway,Australia,1992-09-17,Right-hand bat,Right-arm fast-medium
47492,Dale Steyn,Dale Willem Steyn,South Africa,1983-06-27,Right-hand bat,Right-arm fast
1076722,Will Sutherland,William James Sutherland,Australia,1999-10-27,Right-hand bat,Right-arm medium-fast
403902,Liam Livingstone,Liam Stephen Livingstone,England,1993-08-04,Right-hand bat,Right-arm offbreak
18632,Samit Patel,Samit Rohit Patel,England,1984-11-30,Right-hand bat,Slow left-arm orthodox
1125317,Lance Morris,Lance Richard Thomas Morris,Australia,1998-03-28,Right-hand bat,Right-arm fast
892749,Tim David,Timothy Hays David,Australia,1996-03-16,Right-hand bat,Right-arm offbreak
1088618,Jonathan Merlo,Jonathan Adam Merlo,Australia,1998-12-15,Right-hand bat,Right-arm medium-fast
1206623,Dilbar Hussain,Dilbar Hussain,Pakistan,1993-02-20,Right-hand bat,Right-arm fast-medium
46538,Morne Morkel,Morne Morkel,South Africa,1984-10-06,Left-hand bat,Right-arm fast
330235,Malan Morkel,Malan Morkel,South Africa,NA,NA,NA
1088612,Zak Evans,Zak Kai Evans,Australia,2000-03-26,Right-hand bat,Right-arm medium-fast
51862,Andre Fletcher,Andre David Stephon Fletcher,West Indies,1987-11-28,Right-hand bat,Right-arm medium-fast
1050545,Xavier Bartlett,Xavier Colin Bartlett,Australia,1998-12-17,Right-hand bat,Right-arm fast-medium
1210733,Jack Wood,Jack P Wood,Australia,1996-10-01,Right-hand bat,Left-arm wrist-spin
641423,Dan Lawrence,Daniel William Lawrence,England,1997-07-12,Right-hand bat,Right-arm offbreak
1191384,Peter Hatzoglou,Peter Hatzoglou,Australia,1998-11-27,Right-hand bat,Legbreak googly
1170471,Tanveer Sangha,Tanveer Singh Sangha,Australia,2001-11-26,Right-hand bat,Legbreak
339383,Shashikant Sanghani,Shashikant Jadva Sanghani,Kenya,1969-06-24,Left-hand bat,Slow left-arm orthodox
211748,Benny Howell,Benny Alexander Cameron Howell,England,1988-10-05,Right-hand bat,Right-arm medium
901155,Liam Hatcher,Liam Conor Hatcher,Australia,1996-09-17,Right-hand bat,Right-arm fast-medium
310107,Danny Briggs,Danny Richard Briggs,England,1991-04-30,Right-hand bat,Slow left-arm orthodox
897549,Will Jacks,William George Jacks,England,1998-11-21,Right-hand bat,Right-arm offbreak
677081,Keemo Paul,Keemo Mandela Angus Paul,West Indies,1998-02-21,Right-hand bat,Right-arm fast-medium
1182529,Noor Ahmad,Noor Ahmad Lakanwal,Afghanistan,2005-01-03,Right-hand bat,Left-arm wrist-spin
1076376,Liam Scott,Liam Alexander Hamilton Scott,Australia,2000-12-12,Right-hand bat,Right-arm fast-medium
391485,Jason Holder,Jason Omar Holder,West Indies,1991-11-05,Right-hand bat,Right-arm medium-fast
450860,Adam Milne,Adam Fraser Milne,New Zealand,1992-04-13,Right-hand bat,Right-arm fast
227758,Imad Wasim,Syed Imad Wasim,Pakistan,1988-12-18,Left-hand bat,Slow left-arm orthodox
362201,Lewis Gregory,Lewis Gregory,England,1992-05-24,Right-hand bat,Right-arm medium-fast
298197,Matthew Parker,Matthew Archibald Parker,Scotland,1990-03-02,Left-hand bat,Right-arm medium-fast
1216350,Wil Parker,Wil Brian Parker,Australia,2002-05-29,Right-hand bat,Legbreak googly
709675,James Bazley,James J Bazley,Australia,1995-04-08,Right-hand bat,Right-arm fast-medium
1080727,Brianna Perry,Brianna M Perry,New Zealand,NA,NA,NA
1088619,Mitchell Perry,Mitchell John Perry,Australia,2000-04-27,Left-hand bat,Right-arm fast-medium
414990,Jake Ball,Jacob Timothy Ball,England,1991-03-14,Right-hand bat,Right-arm fast-medium
825211,Ryan Gibson,Ryan James Gibson,Australia,1993-12-30,Right-hand bat,Right-arm medium
1213979,Mitchell Owen,Mitchell J Owen,Australia,2001-09-16,Right-hand bat,Right-arm medium
1168049,Jake Fraser-McGurk,Jake Matthew Fraser-McGurk,Australia,2002-04-11,Right-hand bat,Legbreak googly
1219974,Sam Elliott,Samuel M Elliott,Australia,2000-02-18,Right-hand bat,Right-arm medium
1291729,Syed Faridoun,Syed Faridoun Mahmood,Pakistan,2001-05-15,Right-hand bat,Left-arm wrist-spin
1219972,Brody Couch,Brody L Couch,Australia,1999-12-05,Left-hand bat,Right-arm medium
858435,Liam Guthrie,Liam Christopher James Guthrie,Australia,1997-04-09,Left-hand bat,Left-arm fast
643433,George Garton,George Henry Simmons Garton,England,1997-04-15,Left-hand bat,Left-arm fast
461632,Reece Topley,Reece James William Topley,England,1994-02-21,Right-hand bat,Left-arm fast-medium
902907,Tom Lammonby,Thomas Alexander Lammonby,England,2000-06-02,Left-hand bat,Left-arm medium-fast
1170469,Josh Kann,Josh Kann,Australia,1999-11-15,Right-hand bat,Right-arm fast
685319,Thomas Kannemeyer,Thomas James Kannemeyer,South Africa,1988-10-21,Right-hand bat,Right-arm fast-medium
643885,Saqib Mahmood,Saqib Mahmood,England,1997-02-25,Right-hand bat,Right-arm fast-medium
766809,Jordan Thompson,Jordan Aaron Thompson,England,1996-10-09,Left-hand bat,Right-arm medium-fast
1062338,Xavier Crone,Xavier Alexander Crone,Australia,1997-12-19,Right-hand bat,Right-arm fast-medium
1158100,Mohammad Hasnain,Mohammad Hasnain,Pakistan,2000-04-05,Right-hand bat,Right-arm fast
41327,Mohammad Hasnain,Mohammad Hasnain,Pakistan,1975-10-20,Right-hand bat,Right-arm fast
1249564,Ahmed Daniyal,Ahmed Daniyal,Pakistan,1997-07-03,Right-hand bat,Right-arm medium-fast
781297,James Seymour,James Seymour,Australia,1992-03-13,Left-hand bat,Right-arm offbreak
774211,David Grant,David Malcolm Kerr Grant,Australia,1997-05-24,Right-hand bat,Right-arm fast-medium
499488,Ronan McDonald,Ronan Henry McDonald,Australia,1992-06-30,Right-hand bat,Right-arm fast-medium
1292751,Will Prestwidge,William Alexander Prestwidge,Australia,2002-01-15,Left-hand bat,Right-arm fast
1223053,Steven McGiffin,Steven McGiffin,Australia,1997-04-16,Right-hand bat,Right-arm medium
826679,Sam Heazlett,Samuel Daly Heazlett,Australia,1995-09-12,Left-hand bat,Slow left-arm orthodox
1295979,Will Sanders,Will Sanders,Australia,NA,Right-hand bat,Right-arm fast
297482,Ben Sanderson,Ben William Sanderson,England,1989-01-03,Right-hand bat,Right-arm medium-fast
1089962,Patrick Dooley,Patrick Gabriel Dooley,Australia,1997-05-17,Left-hand bat,Left-arm wrist-spin
1484711,Tracey Murphy,Tracey Murphy,England,NA,NA,NA
1193685,Todd Murphy,Todd Raymond Murphy,Australia,2000-11-15,Left-hand bat,Right-arm offbreak
1124290,Nathan McSweeney,Nathan A McSweeney,Australia,1999-03-08,Right-hand bat,Right-arm offbreak
974175,Fazalhaq Farooqi,Fazalhaq Farooqi,Afghanistan,2000-09-22,Right-hand bat,Left-arm fast-medium
277912,Trent Boult,Trent Alexander Boult,New Zealand,1989-07-22,Right-hand bat,Left-arm fast-medium
226318,Greg Wood,Gregory Luke Wood,England,1988-12-02,Left-hand bat,NA
573170,Luke Wood,Luke Wood,England,1995-08-02,Left-hand bat,Left-arm fast-medium
8246,Bill Woodfull,William Maldon Woodfull,Australia,1897-08-22,Right-hand bat,NA
1076473,Izharulhaq Naveed,Izharulhaq Naveed,Afghanistan,2003-11-10,Right-hand bat,Legbreak
55395,Colin de Grandhomme,Colin de Grandhomme,New Zealand,1986-07-22,Right-hand bat,Right-arm medium-fast
288617,Ross Whiteley,Ross Andrew Whiteley,England,1988-09-13,Left-hand bat,Left-arm medium
530812,Akeal Hosein,Akeal Jerome Hosein,West Indies,1993-04-25,Left-hand bat,Slow left-arm orthodox
793447,Naveen-ul-Haq,Naveen-ul-Haq Murid,Afghanistan,1999-09-23,Right-hand bat,Right-arm medium-fast
355269,James Neesham,James Douglas Sheahan Neesham,New Zealand,1990-09-17,Left-hand bat,Right-arm medium-fast
51648,Owen Davies,Owen Davies,West Indies,NA,NA,NA
681117,Faheem Ashraf,Faheem Ashraf,Pakistan,1994-01-16,Left-hand bat,Right-arm medium
1176051,Sajjad Hossain,Sajjad Hossain,Bangladesh,1989-03-12,Left-hand bat,Right-arm offbreak
323223,Ravi Jangid,Ravi Jangid,India,1987-06-03,Left-hand bat,Slow left-arm orthodox
279676,Vijay Boon,Vijay Boon,India,1981-09-17,Right-hand bat,NA
341159,Balkrishna Jadeja,Balkrishna Nirubha Jadeja,India,1987-10-25,Right-hand bat,Left-arm medium
279555,Sajad Sofi,Sajad Sofi,India,1986-12-09,Right-hand bat,NA
1254584,Jamie Thomas,Jamie Thomas,Australia,NA,NA,NA
798119,Tejal Hasabnis,Tejal Sanjay Hasabnis,India,1997-08-16,Right-hand bat,Right-arm offbreak
1444109,Aaditya Varadarajan,Aaditya Varadarajan,Canada,1991-07-24,Left-hand bat,Right-arm medium
1484757,Aaishah Amjad,Aaishah Amjad,England,NA,NA,NA
598980,Aamer Ijaz,Aamer Ijaz,Pakistan,1984-12-01,Right-hand bat,NA
793441,Aamer Jamal,Aamer Jamal,Pakistan,1996-07-05,Right-hand bat,Right-arm medium-fast
39324,Aamer Sajjad,Aamer Sajjad,Pakistan,1981-02-05,Right-hand bat,Right-arm offbreak
38970,Aaqib Javed,Aaqib Javed,Pakistan,1972-08-05,Right-hand bat,Right-arm fast-medium
1505665,Aarav Mahajan,Aarav Mahajan,India,2006-06-25,Right-hand bat,Right-arm offbreak
1198877,Abdullah Akbarjan,Abdullah Akbarjan,Austria,1990-01-01,Left-hand bat,Slow left-arm orthodox
394867,Abdullah Jan,Abdullah Jan,Pakistan,1990-01-05,Right-hand bat,NA
1159860,Abdullah Jasat,Abdullah Bham Jasat,Panama,1994-07-17,Right-hand bat,Left-arm medium
1271987,Abdulmalik Jabarkhel,Abdulmalik Jabarkhel,France,2003-04-25,Right-hand bat,NA
313526,Abdul Jabbar,Abdul Jabbar Chaudrey,Canada,1983-03-01,Right-hand bat,Right-arm medium
448241,Abdul Jabbar,Abdul Jabbar,Pakistan,1987-04-24,Right-hand bat,Right-arm offbreak
1193008,Abdul Jabbar,Abdul Jabbar,Qatar,1971-01-01,NA,NA
1204125,Abhijeet Ahuja,Abhijeet Deepak Ahuja,Hungary,1987-01-16,Right-hand bat,Right-arm medium
1204126,Abhishek Ahuja,Abhishek Deepak Ahuja,Hungary,1985-08-07,Right-hand bat,Right-arm offbreak
410763,Abu Jayed,Abu Jayed Chowdhury,Bangladesh,1993-08-02,Right-hand bat,Right-arm fast-medium
24978,Adeel Raja,Mohammad Adeel Khalid Raja,Netherlands,1980-08-15,Right-hand bat,Right-arm offbreak
1300584,Aditya Jadeja,Aditya Jadeja,India,2002-03-18,Left-hand bat,Left-arm medium
26507,Aditya Jain,Aditya Jain,India,1986-06-11,Right-hand bat,NA
266315,Afjalur Rahman,Afjalur Rahman,Bangladesh,1968-07-22,NA,NA
1434170,Pooja Agarwal,Pooja Narendra Agarwal,Luxembourg,1994-02-18,Right-hand bat,NA
39463,Agha Javed,Agha Javed,Pakistan,1969-05-30,Right-hand bat,Right-arm fast-medium
1399355,Jay Ahir,Jay Kumar Chetanbhai Ahir,Panama,2001-07-06,Right-hand bat,Right-arm offbreak
213076,Jahid Ahmed,Jahid Sheikh Ahmed,England,1986-02-20,Right-hand bat,Right-arm medium-fast
1125687,Rajjakuddin Ahmed,Rajjakuddin Kutubuddin Ahmed,India,1995-09-02,Right-hand bat,Right-arm medium
434662,Ahmed Jamal,Ahmed Jamal,Pakistan,1988-09-03,Right-hand bat,NA
317256,Ahsan Jamil,Mirza Ahsan Jamil Baig,Pakistan,1992-10-06,Right-hand bat,Left-arm wrist-spin
463056,Kaushal Kumar,Kaushal Kumar Ahuja,Mexico,1978-11-10,Right-hand bat,Right-arm medium
1255560,Kanika Ahuja,Kanika S Ahuja,India,2002-08-07,Left-hand bat,Right-arm offbreak
1081218,Suraj Ahuja,Suraj Ajya Ahuja,India,1999-09-23,Right-hand bat,NA
25661,Aijaz Ali,Aijaz Ali,United States of America,1968-06-20,Right-hand bat,Right-arm medium-fast
54982,Aisha Jalil,Aisha Jalil,Pakistan,1980-09-17,NA,NA
554202,Ajatshatru Singh,Ajatshatru Singh,India,1992-09-17,Right-hand bat,Right-arm medium
1511696,Ajay Kumar,Ajay Kumar,United Arab Emirates,1997-04-01,Right-hand bat,Left-arm fast
481047,Ajay Kumar,Mallireddy Ajay Kumar,India,1989-12-12,Right-hand bat,Right-arm medium
923639,Kukna Ajay Singh,Kukna Ajay Singh,India,1996-12-13,Left-hand bat,Slow left-arm orthodox
594021,Ajay Verma,Ajay Verma,India,1962-12-26,Right-hand bat,NA
1163144,Ajaz Patel,Ajaz Patel,Lesotho,2002-03-04,Left-hand bat,Slow left-arm orthodox
1203669,Akif Javed,Akif Javed,Pakistan,2000-10-10,Right-hand bat,Left-arm medium-fast
681067,Akif Raja,Raja Akifullah Khan,United Arab Emirates,1992-11-24,Left-hand bat,Right-arm medium-fast
1161581,S Akshay Jain,S Akshay Jain,India,1992-12-18,Right-hand bat,Slow left-arm orthodox
1307967,Janet Alaare,Janet Alaare,Ghana,1989-12-31,Right-hand bat,Right-arm medium-fast
36175,Jack Alabaster,John Chaloner Alabaster,New Zealand,1930-07-11,Right-hand bat,Legbreak googly
1479982,Fatimah Albanjari,Fatimah Zahra Albanjari,Indonesia,2003-11-12,Right-hand bat,Right-arm medium
1360162,Jacob Albertze,Jacob Daniel Theunis Albertze,Bermuda,1985-03-22,Right-hand bat,NA
1267508,Jacob Albin,Jacob Albin,Bulgaria,1998-06-23,Right-hand bat,Right-arm medium-fast
1072586,Jarred Alder,Jarred Alder,South Africa,1998-07-14,Right-hand bat,NA
1476261,Jaco Alexander,Jaco Alexander,Falkland Islands,1982-02-15,Right-hand bat,Right-arm medium
24687,Rajab Ali,Rajab Wazir Ali,Kenya,1965-11-19,Right-hand bat,Right-arm medium-fast
48207,Ajith Alirajah,Ajith Christopher Alirajah,Sri Lanka,1968-09-25,Right-hand bat,Right-arm medium
274007,Ali Jawad,Ali Jawad,Pakistan,1988-10-19,Left-hand bat,Legbreak
1326486,Jarryd Allan,Jarryd David Allan,Vanuatu,1990-11-18,Right-hand bat,NA
893369,Jaimin Allen,Jaimin Allen,Brazil,1985-08-23,Right-hand bat,Right-arm medium-fast
1282072,Jade Allen,Jade Elizabeth Allen,Australia,2003-11-13,Right-hand bat,Legbreak
256484,Al Maseera Jahangir,Al Maseera Jahangir,United Arab Emirates,2008-06-11,Right-hand bat,Right-arm offbreak
1207340,Jamie Aly,Jamie Cheia Aly,Malawi,1966-09-16,NA,NA
1437202,Amal Jacob,Amal Jacob,Hungary,1994-01-19,Right-hand bat,Slow left-arm orthodox
1429906,Oyunsuvd Amarjargal,Oyunsuvd Amarjargal,Mongolia,2007-08-18,Right-hand bat,Right-arm medium
1499369,Amaya Rajapaksha,Tharushi Amaya Bandara Rajapaksha Rathnayaka Mudiyanselage,Italy,2010-05-24,Right-hand bat,Legbreak googly
48118,Jayantha Amerasinghe,Amerasinghe Mudalige Jayantha Gamini Amerasinghe,Sri Lanka,1954-02-02,Right-hand bat,Slow left-arm orthodox
332980,Charles Amini,Charles Jordan Alewa Amini,Papua New Guinea,1992-04-14,Left-hand bat,Legbreak
1500157,Amir Javed,Amir Javed,Austria,1983-08-13,NA,NA
39745,Amjad Ali,Amjad Ali,United Arab Emirates,1979-09-25,Left-hand bat,Legbreak
25613,Amjad Javed,Amjad Javed,United Arab Emirates,1980-07-05,Right-hand bat,Right-arm medium
663413,Amjad Khan,Amjad Gul Khan,United Arab Emirates,1989-02-25,Right-hand bat,Legbreak
554068,Amjad Mahboob,Amjad Mahboob,Singapore,1981-02-16,Right-hand bat,Right-arm medium
1194056,Amjad Sher,Amjad Sher,Finland,1986-11-11,Right-hand bat,Right-arm medium
223446,Amjad Waqas,Amjad Waqas,Pakistan,1983-03-22,Left-hand bat,Slow left-arm orthodox
1050053,Amna Jamal,Amna Jamal,Singapore,1988-04-07,Right-hand bat,Right-arm offbreak
376245,Jagrit Anand,Jagrit Anand,India,1989-07-15,Left-hand bat,Right-arm medium
26797,Anand Rajan,Anand Rajan,India,1987-04-17,Right-hand bat,Right-arm medium
914477,Thursaanth Anantharajah,Thursaanth Anantharajah,Canada,1996-12-16,Left-hand bat,Legbreak
362044,Jason Anderson,Jason Anderson,Bermuda,1979-02-17,Right-hand bat,NA
8608,James Anderson,James Michael Anderson,England,1982-07-30,Left-hand bat,Right-arm fast-medium
1143148,Andre Jarju,Andre Jarju,Gambia,1992-12-13,Right-hand bat,Right-arm medium
779619,Anjali Chand,Anjali Chand,Nepal,1995-09-16,Right-hand bat,Right-arm offbreak
960673,Anjali Sarvani,Kesavarajugari Anjali Sarvani,India,1997-08-28,Left-hand bat,Left-arm medium
1434194,Anjali Soni,Anjali Soni,Belgium,1985-05-23,Right-hand bat,Right-arm medium
1257784,Gihan Anjana,Gihan Anjana Waligamage,Sri Lanka,1999-06-05,Left-hand bat,Slow left-arm orthodox
1175614,Hasindu Anjana,Hasindu Anjana,Sri Lanka,NA,NA,NA
23800,Soham Anjaria,Soham Anjaria,Canada,1985-08-03,Right-hand bat,Slow left-arm orthodox
1082745,Anjar Tadarus,Muhammad Anjar Tadarus,Indonesia,1985-02-01,Right-hand bat,Right-arm medium-fast
316306,Ansar Javed,Ansar Javed,Pakistan,1980-10-23,Right-hand bat,Left-arm fast-medium
8923,James Anyon,James Edward Anyon,England,1983-05-05,Left-hand bat,Right-arm fast-medium
24857,Flavian Aponso,Goniamalimage John Anthony Flavian Aponso,Netherlands,1952-10-28,Left-hand bat,Right-arm offbreak
716687,Aqib Javed,Mohammad Aqib Javed,Pakistan,1997-02-05,Left-hand bat,Slow left-arm orthodox
960369,Armaan Jaffer,Armaan Jaffer,India,1998-10-25,Right-hand bat,Right-arm offbreak
1447747,Stella Arooja,Stella Mary Arooja,Malta,1989-01-01,Right-hand bat,Right-arm offbreak
1320549,Arslan Amjad,Arslan Amjad,Estonia,1991-05-04,Right-hand bat,Right-arm medium
26291,Jagadeesh Arunkumar,Jagadeesh Arunkumar,India,1975-01-18,Right-hand bat,Right-arm offbreak
1512065,Asif Javed,Asif Javed Basher Ahmed,Bahrain,1992-06-05,Right-hand bat,Right-arm medium
1475816,Aslan Jafri,Aslan Jafri,Singapore,2007-01-12,Left-hand bat,Slow left-arm orthodox
1295842,Campbell Kellaway,Campbell James Kellaway,Australia,2002-11-01,Left-hand bat,Slow left-arm orthodox
4613,Alan Connolly,Alan Norman Connolly,Australia,1939-06-29,Right-hand bat,Right-arm fast-medium
1210488,Cooper Connolly,Cooper Patrick Leonard Connolly,Australia,2003-08-22,Left-hand bat,Slow left-arm orthodox
257505,Joe Connolly,Joe Connolly,Ireland,NA,NA,NA
696849,Jonathan Connolly,Jonathan M Connolly,Zimbabwe,2000-03-01,Right-hand bat,Right-arm medium
776695,Matt Critchley,Matthew James J Critchley,England,1996-08-13,Right-hand bat,Legbreak
494838,Ruwantha Kellepotha,Ruwantha Prasad Kellepotha,Sri Lanka,1991-07-13,Right-hand bat,Legbreak
1123718,Spencer Johnson,Spencer Henry Johnson,Australia,1995-12-16,Left-hand bat,Left-arm fast
362710,David Payne,David Alan Payne,England,1991-02-15,Right-hand bat,Left-arm fast-medium
1205981,Corey Rocchiccioli,Corey J Rocchiccioli,Australia,1997-10-08,Right-hand bat,Right-arm offbreak
1215848,Ross Pawson,Ross Robert Pawson,Australia,1994-11-15,Right-hand bat,Right-arm fast-medium
457279,Olly Stone,Oliver Peter Stone,England,1993-10-09,Right-hand bat,Right-arm fast
647667,Usama Mir,Usama Mir,Pakistan,1995-12-23,Right-hand bat,Legbreak
211855,Liam Dawson,Liam Andrew Dawson,England,1990-03-01,Right-hand bat,Slow left-arm orthodox
909225,Paul Walter,Paul Ian Walter,England,1994-05-28,Left-hand bat,Left-arm medium
1088610,Jack Edwards,Jack Richard Edwards,Australia,2000-04-19,Right-hand bat,Right-arm medium
332951,Juari Edwards,Juari Edwards,West Indies,1982-09-28,NA,NA
12675,Neil Edwards,Neil James Edwards,England,1983-10-14,Left-hand bat,Right-arm medium
5126,Wally Edwards,Walter John Edwards,Australia,1949-12-23,Left-hand bat,Legbreak
277662,Corey Anderson,Corey James Anderson,United States of America,1990-12-13,Left-hand bat,Left-arm medium-fast
36189,Carl Anderson,Carl James Anderson,New Zealand,1977-10-04,Right-hand bat,Slow left-arm orthodox
1272475,Zaman Khan,Zaman Khan,Pakistan,2001-09-10,Right-hand bat,Right-arm fast
1337527,Hamish McKenzie,Hamish McKenzie,Australia,1999-09-21,Left-hand bat,Left-arm wrist-spin
1490835,Micah McKenzie,Micah KQS McKenzie,West Indies,2007-01-18,Right-hand bat,Legbreak
510530,Jamie Overton,Jamie Overton,England,1994-04-10,Right-hand bat,Right-arm fast
1079380,Nikhil Chaudhary,Nikhil Chaudhary,Australia,1996-05-04,Right-hand bat,Legbreak googly
1304286,Fergus O'Neill,Fergus Patrick O’Neill,Australia,2001-01-27,Right-hand bat,Right-arm medium-fast
1119438,Flavia Odhiambo,Flavia Odhiambo,Kenya,2001-01-28,Right-hand bat,Right-arm medium
1452274,Freddie Ogilby,Freddie Ogilby,Ireland,2007-08-10,Right-hand bat,NA
54661,Cheraldine Oudolf,Cheraldine Fredrika Francina Oudolf,Netherlands,1980-05-04,Right-hand bat,Right-arm medium-fast
1185796,Frederique Overdijk,Frederique Overdijk,Netherlands,2000-12-04,Right-hand bat,Right-arm medium
38065,NA,NA,NA,NA,NA,NA
1345807,Toby Gray,Toby William Gray,Australia,2001-10-16,Right-hand bat,Legbreak
1492928,Hassan Khan,Mohammad Hassan Khan,Germany,2002-04-21,Left-hand bat,Right-arm offbreak
959789,Hassan Khan,Mohammad Hassan Khan,Pakistan,1998-10-16,Right-hand bat,Slow left-arm orthodox
1058795,Hassan Khan Mohammad,Hassan Khan Mohammad,Hong Kong,2000-09-06,Right-hand bat,Right-arm medium
1462831,Mohammad Hassan Khan,Mohammad Hassan Khan,Pakistan,2008-07-23,Left-hand bat,Slow left-arm orthodox
493773,Lockie Ferguson,Lachlan Hammond Ferguson,New Zealand,1991-06-13,Right-hand bat,Right-arm fast
670013,Fabian Allen,Fabian Anthony Allen,West Indies,1995-05-07,Right-hand bat,Slow left-arm orthodox
1295847,Tom Whitney,Tom Whitney,Australia,2002-11-07,Right-hand bat,Right-arm fast-medium
22314,Arnold Warren,Arnold Warren,England,1875-04-02,Right-hand bat,Right-arm fast
1409049,Doug Warren,Douglas Warren,Australia,2001-07-17,Left-hand bat,Slow left-arm orthodox
1108490,Waqar Salamkheil,Mohammad Waqar Salamkheil,Afghanistan,2001-10-02,Right-hand bat,Left-arm wrist-spin
1062334,Matthew Spoors,Matthew Spoors,Canada,1999-05-06,Right-hand bat,Legbreak googly
1194959,Jacob Bethell,Jacob Graham Bethell,England,2003-10-23,Left-hand bat,Slow left-arm orthodox
914541,Sherfane Rutherford,Sherfane Eviston Rutherford,West Indies,1998-08-15,Left-hand bat,Right-arm fast-medium
1363432,Liam Haskett,Liam Haskett,Australia,2001-05-31,Right-hand bat,Left-arm fast-medium
1303197,Jordan Buckingham,Jordan Steven Dermott,Australia,2000-03-17,Right-hand bat,Right-arm fast-medium
1393948,Mahli Beardman,Mahli Beardman,Australia,2005-08-31,Right-hand bat,Right-arm fast-medium
1446918,Callum Stow,Callum James Stow,Australia,2002-08-27,Right-hand bat,Left-arm wrist-spin
1152986,Jafer Chohan,Jafer Ali Chohan,England,2002-07-11,Right-hand bat,Legbreak googly
1469223,Marcus Bean,Marcus Bean,Australia,2004-01-05,Left-hand bat,Left-arm medium-fast
1223047,Josh Brown,Joshua Shane Casson Brown,Australia,1993-12-26,Right-hand bat,Right-arm medium
